cache_key,created_at,items_json
652f0f5fb445ece8b2a4c0ecdfe58735823c44e4683523ffa418fd6760530f0b,2026-02-22T20:52:37.443477+00:00,"[{""tag"": ""mesero"", ""category"": ""atencion"", ""polarity"": ""bien""}]"
d05be4aad225904c0eba7c2fecb2f7f923beddfea0d0732a3b05a8ca53b4f00c,2026-02-22T20:52:38.918762+00:00,"[{""tag"": ""mesero"", ""category"": ""atencion"", ""polarity"": ""bien""}]"
e9d7514e11114786574af4702e72c11f03238149bcd856f4fe0921d983df8d78,2026-02-22T20:52:40.565703+00:00,"[{""tag"": ""comida"", ""category"": ""comida"", ""polarity"": ""bien""}]"
02c9820ca4468dc87db628222baf4d3ca6e408c88466abe74c4548655b3decde,2026-02-22T20:52:42.290492+00:00,"[{""tag"": ""precio"", ""category"": ""precio_calidad"", ""polarity"": ""bien""}]"
1c76bc22241072afd478036d6e28945705a6f6b4de234a911ccd75d9a32a51fc,2026-02-22T20:52:44.211735+00:00,"[{""tag"": ""ambiente"", ""category"": ""ambiente"", ""polarity"": ""bien""}]"
0b6461aad1654c3a7e7da0a3dfdc47aa0d9496d93bef794a5c64ac730dc80f8f,2026-02-22T20:52:46.340762+00:00,"[{""tag"": ""experiencia"", ""category"": ""experiencia_general"", ""polarity"": ""bien""}]"
06345a9c67a46811033e6b6d2f3067097628cec52aca0277ea0848a9aa263bf3,2026-02-22T20:52:48.235248+00:00,"[{""tag"": ""mesero"", ""category"": ""atencion"", ""polarity"": ""mal""}]"
d116e6201165d283d1297ba2e97ada92486afb047568cfc60fc4ed253f8ada55,2026-02-22T20:52:50.462677+00:00,"[{""tag"": ""tiempo_espera"", ""category"": ""atencion"", ""polarity"": ""mal""}, {""tag"": ""cobro"", ""category"": ""atencion"", ""polarity"": ""mal""}]"
9ec7682c290d0adeb05643c63b79fc78efb59a9c0f3ab8a0b7656d14816e24f9,2026-02-22T20:52:51.850907+00:00,"[{""tag"": ""comida"", ""category"": ""comida"", ""polarity"": ""bien""}]"
2020596a0329081de93cfa3444b798a9b6d5614fa12b3e65744172a6164292da,2026-02-22T20:52:54.049928+00:00,"[{""tag"": ""precio"", ""category"": ""precio_calidad"", ""polarity"": ""mal""}]"
0390937490eddd80b2e02ac3fe77bc608e279e70dd2107a94c65e74b15b052d1,2026-02-22T20:52:55.567204+00:00,"[{""tag"": ""ambiente"", ""category"": ""ambiente"", ""polarity"": ""bien""}]"
3a3e5639fef64578399617ac02c4e6c27ec55dcbd5dc2a9f51862d1116ed36a1,2026-02-22T20:52:57.388420+00:00,"[{""tag"": ""tiempo_espera"", ""category"": ""atencion"", ""polarity"": ""mal""}]"
3d3c52c7bf6a591c75c558df901f4cee3f0c4ddacacb95db87edc0710b2cf848,2026-02-22T20:52:59.302292+00:00,"[{""tag"": ""tiempo_espera"", ""category"": ""atencion"", ""polarity"": ""mal""}]"
bac3fbbab157cca7d8faf44cb99ae9054d475c656843ff036c70017ed55bc290,2026-02-22T20:53:01.108452+00:00,"[{""tag"": ""mesero"", ""category"": ""atencion"", ""polarity"": ""neutral""}]"
40f47b5b9bbd1efa240b071e85dca7e0596f5b63011b83e1e7082d8a1013c3ee,2026-02-22T20:53:04.446040+00:00,"[{""tag"": ""textura_plato"", ""category"": ""comida"", ""polarity"": ""bien""}]"
7f1b7285abceeedca0c26c86da4a049caa1beee7cda72940231bd29dcec9985c,2026-02-22T20:53:06.819836+00:00,"[{""tag"": ""precio"", ""category"": ""precio_calidad"", ""polarity"": ""bien""}]"
23bcd72c26c9236e77520942f87ddd97924b789d6347b484243850f9352e7157,2026-02-22T20:53:09.305270+00:00,"[{""tag"": ""ambiente"", ""category"": ""ambiente"", ""polarity"": ""bien""}]"
03796517621a02974466dfaaa17f6e4f3968060c79b1ef032d91d6e758c846e3,2026-02-22T20:53:11.090018+00:00,"[{""tag"": ""ambiente"", ""category"": ""ambiente"", ""polarity"": ""mal""}]"
62d9e8087faa9a47097bde1cdde037b9bf586b8b5d16accef869c31e9bf028a7,2026-02-22T20:53:13.018899+00:00,"[{""tag"": ""mesero"", ""category"": ""atencion"", ""polarity"": ""mal""}]"
5d825ccf93e7a395adf64dd03bade776a2fe40bd71adb7521c17ef787579a9ff,2026-02-22T20:53:20.912031+00:00,"[{""tag"": ""mesero"", ""category"": ""atencion"", ""polarity"": ""bien""}, {""tag"": ""mesero"", ""category"": ""atencion"", ""polarity"": ""mal""}]"
03b8e41883a20cf50522be1be4cffe5e57675f1c49f49d70cbb2d953991ca8a1,2026-02-22T20:53:22.652207+00:00,"[{""tag"": ""comida"", ""category"": ""comida"", ""polarity"": ""bien""}]"
15880e78d139b6b301e270636c42a33b73317e1748d751fd84df2698c6ae8425,2026-02-22T20:53:25.580909+00:00,"[{""tag"": ""precio"", ""category"": ""precio_calidad"", ""polarity"": ""neutral""}]"
f1e37f68f27b9fa8d5cb62e9fc786d4110f453804d9e63b7afa97ce60f4a16d3,2026-02-22T20:53:27.818308+00:00,"[{""tag"": ""sillas"", ""category"": ""ambiente"", ""polarity"": ""bien""}]"
b6167dbf9d1d878541340fb5dee93ca736eb89a3c300084de34e872928740a8f,2026-02-22T20:53:33.907449+00:00,"[{""tag"": ""ambiente"", ""category"": ""ambiente"", ""polarity"": ""mal""}]"
b734ad2392d5219876e29258345151c1fa0e54466f29a2e948399dba34dd4416,2026-02-22T20:53:36.987695+00:00,"[{""tag"": ""entrega_platos"", ""category"": ""atencion"", ""polarity"": ""mal""}]"
7e43db49900fc8647aac91967d9698631d54ab29c4762e294c1fb9707b2b64e8,2026-02-22T20:53:42.823533+00:00,"[{""tag"": ""organizacion_servicio"", ""category"": ""atencion"", ""polarity"": ""mal""}]"
976cde2f80a56e2548ecf89d61dae4bc07b19334bf22bd7ee88774ab6b21e8c2,2026-02-22T20:53:44.484182+00:00,"[{""tag"": ""comida"", ""category"": ""comida"", ""polarity"": ""bien""}]"
2143b579e8a80b5a40545a49bdce6d748afaf1535d9bdc18cb62318b82284a8d,2026-02-22T20:53:46.340319+00:00,"[{""tag"": ""precio"", ""category"": ""precio_calidad"", ""polarity"": ""mal""}]"
6be9f82e42082ed444db4520181ac187e0ddf9aa1cbe79c36fa2ed78fd1168ce,2026-02-22T20:53:48.672267+00:00,"[{""tag"": ""limpieza_banos"", ""category"": ""ambiente"", ""polarity"": ""bien""}]"
a2126e94b2a59d9ec8017e2ff19c5a9a2942b019e6ee6b61b9624d4933159ebc,2026-02-22T20:53:51.828876+00:00,"[{""tag"": ""orden_platos"", ""category"": ""atencion"", ""polarity"": ""mal""}]"
13954ba0672af01d901cf5dd202a0f3035b2a531183241c3fd3f053cd050149c,2026-02-22T20:53:58.920804+00:00,"[{""tag"": ""mesero"", ""category"": ""atencion"", ""polarity"": ""bien""}, {""tag"": ""experiencia"", ""category"": ""experiencia_general"", ""polarity"": ""bien""}]"
5eec4b379a3f10dbb5419169e886e85b9154b5339e884aa4ac236236907711ee,2026-02-22T20:54:00.526701+00:00,"[{""tag"": ""mesero"", ""category"": ""atencion"", ""polarity"": ""bien""}]"
2db313104d9e2721b7b9650ba9f381b192727b2a3ad53adea00fa8479f24c470,2026-02-22T20:54:03.152382+00:00,"[{""tag"": ""chicha_morada"", ""category"": ""comida"", ""polarity"": ""bien""}]"
74aeec0d90d32d7f30673d769d4608b3d0c6969db6e70d8a7c1f4f37feadda71,2026-02-22T20:54:09.754065+00:00,"[{""tag"": ""precio"", ""category"": ""precio_calidad"", ""polarity"": ""bien""}]"
7c0f501b9aa9a4ff409e7123669c317d9f1c11e9621c6bbd016750c9fcb5935b,2026-02-22T20:54:11.473122+00:00,"[{""tag"": ""ambiente"", ""category"": ""ambiente"", ""polarity"": ""bien""}]"
c5fc4c97ffa252a1ca8be99c3ff1e2b3c86593489c383b9f735347aae7dc696b,2026-02-22T20:54:16.931054+00:00,"[{""tag"": ""experiencia"", ""category"": ""experiencia_general"", ""polarity"": ""bien""}]"
a106e9bdc2e6078c725aae1b27f8ffa76d5996d3ae263d2260747abff666f413,2026-02-22T20:54:18.574579+00:00,"[{""tag"": ""mesero"", ""category"": ""atencion"", ""polarity"": ""mal""}]"
f83df77b35151c9fe9ba70ebe78e50bc8d6886ebeccc9b99b46aa656ef90797d,2026-02-22T20:54:23.165271+00:00,"[{""tag"": ""mesero"", ""category"": ""atencion"", ""polarity"": ""mal""}]"
96f7dcf746081ca13fc05495ed97d7c9c9d0bcc0faf814d930392e1834fc92fa,2026-02-22T20:54:26.132228+00:00,"[{""tag"": ""comida"", ""category"": ""comida"", ""polarity"": ""bien""}]"
7975c1133365c357e4fee681d3a8f7094055634d78ff54322dafb3163a8e2d3a,2026-02-22T20:54:27.997645+00:00,"[{""tag"": ""precio"", ""category"": ""precio_calidad"", ""polarity"": ""neutral""}]"
7b22724dcedd2be428d38a5f6e611b1d6060ca3017d57d364e8fc9745fda959b,2026-02-22T20:54:29.889040+00:00,"[{""tag"": ""vista_calle"", ""category"": ""ambiente"", ""polarity"": ""bien""}]"
8879c033dce4023358e2380667f5cc84fcb753aed28ba89171fc732f7a9e1d8c,2026-02-22T20:54:31.797477+00:00,"[{""tag"": ""mesero"", ""category"": ""atencion"", ""polarity"": ""mal""}]"
180290a1d01917b23670f64e6be989e507173100d90b34ea07fa0e8d1baddaa6,2026-02-22T20:54:34.394758+00:00,"[{""tag"": ""limpieza_mesa"", ""category"": ""ambiente"", ""polarity"": ""mal""}]"
d47b6f16cd65de6353b65ee516eaf06c16425c85943a30d782b310faab758831,2026-02-22T20:54:36.757107+00:00,"[{""tag"": ""mesero"", ""category"": ""atencion"", ""polarity"": ""mal""}]"
42eec8bcccf99abc4c4f170152faad7ee25df7ec7774622fa49f2c79d07a9259,2026-02-22T20:54:38.456849+00:00,"[{""tag"": ""comida"", ""category"": ""comida"", ""polarity"": ""bien""}]"
697232d2b516771ad793543d98f0fc1a529255462af1eb03332f88e4432734b0,2026-02-22T20:54:41.444627+00:00,"[{""tag"": ""precio"", ""category"": ""precio_calidad"", ""polarity"": ""mal""}]"
9f3bc57dd9dc242ca501cae001ea887caf3979241788546ca12c5850ca77b164,2026-02-22T20:54:42.968467+00:00,"[{""tag"": ""ambiente"", ""category"": ""ambiente"", ""polarity"": ""bien""}]"
258eaafe87487a179a9a66afc23918ee802161b464f2145805b45030cde78768,2026-02-22T20:54:45.406103+00:00,"[{""tag"": ""aseo_local"", ""category"": ""ambiente"", ""polarity"": ""mal""}]"
3e5845ff57021870342544678dc4173c0a66d2fa470436119250706b6b02d9c3,2026-02-22T20:54:49.919457+00:00,"[{""tag"": ""conocimiento_vinos"", ""category"": ""atencion"", ""polarity"": ""mal""}]"
20e0a73475b0ab58e54e4852fec8f59b2fd7517a413371fd71ebc48f8b0269d4,2026-02-22T20:54:52.572822+00:00,"[{""tag"": ""mesero"", ""category"": ""atencion"", ""polarity"": ""bien""}, {""tag"": ""conocimiento_carta"", ""category"": ""atencion"", ""polarity"": ""mal""}]"
2db47d4e14c137f4f9ad89b99fb0cb05065ede6b108e2754f00407f5ef3579ce,2026-02-22T20:54:56.557311+00:00,"[{""tag"": ""comida"", ""category"": ""comida"", ""polarity"": ""bien""}]"
da2b275c1085c54b7d0b4bea17f008b5e49eabaed4689b47b2e1a80156a08fa1,2026-02-22T20:54:59.235928+00:00,"[{""tag"": ""precio"", ""category"": ""precio_calidad"", ""polarity"": ""bien""}]"
0182949c96b19d39eedafd75cca679b7ebcab0b5e4266be140554d451afcd3dc,2026-02-22T20:55:01.657047+00:00,"[{""tag"": ""ambiente_familiar"", ""category"": ""ambiente"", ""polarity"": ""bien""}]"
6617ee3fbe73b553c965d5f14d39a675f1836bd3b83227888875d810081755e1,2026-02-22T20:55:03.382718+00:00,"[{""tag"": ""comida"", ""category"": ""comida"", ""polarity"": ""mal""}]"
49ef56fecb128bd6e293cf964ba351a2a5ef466079d8e288ce00f884ba235aaa,2026-02-22T20:55:05.035128+00:00,"[{""tag"": ""tiempo_espera"", ""category"": ""atencion"", ""polarity"": ""bien""}]"
5d2947a48122a1b4d6d8f387793a361c377590dd202d45fdb5014bb32db192e5,2026-02-22T20:55:11.130448+00:00,"[{""tag"": ""experiencia"", ""category"": ""experiencia_general"", ""polarity"": ""bien""}, {""tag"": ""tiempo_espera"", ""category"": ""atencion"", ""polarity"": ""bien""}]"
7c3b852da8e1287f09c38210c631f78157508fdd16a04fbe0ca022bec225cf78,2026-02-22T20:55:12.704888+00:00,"[{""tag"": ""comida"", ""category"": ""comida"", ""polarity"": ""bien""}]"
54c86bd7a67025dbb0ac8385d3c94d8e839522093da58d6d96bfb6d623536d9b,2026-02-22T20:55:14.784029+00:00,"[{""tag"": ""precio"", ""category"": ""precio_calidad"", ""polarity"": ""bien""}]"
a717b06ae1593bf4d44b011265791c69fcec8eede8a6be3a4abfc7ab7e465d6e,2026-02-22T20:55:19.295609+00:00,"[{""tag"": ""ambiente"", ""category"": ""ambiente"", ""polarity"": ""neutral""}, {""tag"": ""tiempo_espera"", ""category"": ""atencion"", ""polarity"": ""neutral""}]"
a67332d85eb394bd4217f226c79322ba3bc558d1caf4bdba8ff0cdc5697f69a8,2026-02-22T20:55:21.414717+00:00,"[{""tag"": ""experiencia"", ""category"": ""experiencia_general"", ""polarity"": ""bien""}]"
d5ac31db57608eaa26ea79dcd42c6b56901e96579303e6158ea71b112e0346aa,2026-02-22T20:55:22.946681+00:00,"[{""tag"": ""mesero"", ""category"": ""atencion"", ""polarity"": ""mal""}]"
656635b3839041ec2e414164c3d2a566f8963eaba3a026d7e014169f6a5c54ad,2026-02-22T20:55:24.704594+00:00,"[{""tag"": ""mesero"", ""category"": ""atencion"", ""polarity"": ""mal""}]"
c57a136b95785864780cf978d2134317de2c91257fe9973d81d7b1e06fda5982,2026-02-22T20:55:26.476461+00:00,"[{""tag"": ""comida"", ""category"": ""comida"", ""polarity"": ""bien""}]"
433587dea36d13aeaee6074f37fef8f7c8927bf2e268c5c95c18b62c5068073b,2026-02-22T20:55:36.418363+00:00,"[{""tag"": ""cobro"", ""category"": ""atencion"", ""polarity"": ""mal""}, {""tag"": ""precio"", ""category"": ""precio_calidad"", ""polarity"": ""mal""}]"
02dd6c87f42e6fb6a94344747e8f6eb2685a2e2e04f541fe73de372ff02492f5,2026-02-22T20:55:38.174234+00:00,"[{""tag"": ""ambiente"", ""category"": ""ambiente"", ""polarity"": ""mal""}]"
de16ff6376bc4223cb663b2e8a6fcfef1cbcfe02649f21c7511e6addc1d2ccbd,2026-02-22T20:55:40.262158+00:00,"[{""tag"": ""experiencia"", ""category"": ""experiencia_general"", ""polarity"": ""mal""}]"
de4dac48159d367637343885e7f292ad627f078485afb957303b5bc4da0b2446,2026-02-22T20:55:45.058646+00:00,"[{""tag"": ""cafe_temperatura"", ""category"": ""comida"", ""polarity"": ""mal""}]"
1a2adb43d9a551aaada70501914578d3aaf2e05c774dcd655d2e7a445618a8a4,2026-02-22T20:55:47.426077+00:00,"[{""tag"": ""mesero"", ""category"": ""atencion"", ""polarity"": ""bien""}]"
9709c234a288d328a3a479cd12c6a070f9b00c3ea3ecaf2c718c171feafa419e,2026-02-22T20:55:49.386292+00:00,"[{""tag"": ""comida"", ""category"": ""comida"", ""polarity"": ""bien""}]"
7b65d372288593608702b5b5f29e4f4177f9c2d81f804b34dbeca87800693557,2026-02-22T20:55:51.149681+00:00,"[{""tag"": ""precio"", ""category"": ""precio_calidad"", ""polarity"": ""neutral""}]"
a328dc18fced6be6441b444557d4ca9fbb23cd0750060b5761aa35a9ca596a83,2026-02-22T20:55:55.852548+00:00,"[{""tag"": ""ambiente"", ""category"": ""ambiente"", ""polarity"": ""bien""}]"
3d8d4486162fde0e2d1547fc41d73a6b686eec94917e1391f31a9f0a418acf26,2026-02-22T20:55:58.535176+00:00,"[{""tag"": ""ventilacion"", ""category"": ""ambiente"", ""polarity"": ""mal""}]"
d3d269073d6410892ab9a0ef2a1326fe5fcf64b24df0165ed322e3574942561c,2026-02-22T20:56:06.345490+00:00,"[{""tag"": ""mesero"", ""category"": ""atencion"", ""polarity"": ""mal""}]"
1bcf9ea958f054112f8e45d72c24ddff84112a6bac6993f60d10bda02672fabe,2026-02-22T20:56:10.423974+00:00,"[{""tag"": ""mesero"", ""category"": ""atencion"", ""polarity"": ""mal""}]"
0d64f81e6fbd5bbd420c45bc9aebbaa9d001be721246c937aa894d3fc1d1dda4,2026-02-22T20:56:12.387680+00:00,"[{""tag"": ""comida"", ""category"": ""comida"", ""polarity"": ""bien""}]"
18e7f1e6fb3bcfa809289d63dd0cf8a072db1b8785e2557cabeda56bd4beb20d,2026-02-22T20:56:14.037336+00:00,"[{""tag"": ""precio"", ""category"": ""precio_calidad"", ""polarity"": ""mal""}]"
c8d97e278fc24ed40457c2eab391333d603a2f3df6a38b118ae6f836d7e2bdce,2026-02-22T20:56:15.517417+00:00,"[{""tag"": ""ambiente"", ""category"": ""ambiente"", ""polarity"": ""bien""}]"
510b5a1d52a316067e1c2fe2378216bb59d2ffbc36fc0a8091f0549f16ad0bde,2026-02-22T20:56:22.597059+00:00,"[{""tag"": ""tiempo_en_mesa"", ""category"": ""experiencia_general"", ""polarity"": ""mal""}]"
98aec58f3516de2418ddc3493bf3ad7a2dc7a49873bbe6422f606e70267632ed,2026-02-22T20:56:25.552367+00:00,"[{""tag"": ""administrador"", ""category"": ""atencion"", ""polarity"": ""mal""}]"
ee1387450550cb65c05e8417f892e5f4f4b68215129cd1bb73a5657b25c79cd7,2026-02-22T20:56:28.642520+00:00,"[{""tag"": ""mesero"", ""category"": ""atencion"", ""polarity"": ""bien""}, {""tag"": ""gerente"", ""category"": ""atencion"", ""polarity"": ""mal""}]"
b92da79e037d3c3b663ea781681043cf3cbd94c0e0b3337f8e153ca49f686b8e,2026-02-22T20:56:30.643299+00:00,"[{""tag"": ""comida"", ""category"": ""comida"", ""polarity"": ""bien""}]"
bdff18cf9920109c818bf40573752a1ef60b367a34117c4156b49c37338be67c,2026-02-22T20:56:33.206078+00:00,"[{""tag"": ""precio"", ""category"": ""precio_calidad"", ""polarity"": ""mal""}, {""tag"": ""experiencia"", ""category"": ""experiencia_general"", ""polarity"": ""mal""}]"
06c4dd1a9e3d137c8ee50e278452efaeffd143b84d00385750520ecfb42bd9e3,2026-02-22T20:56:34.872205+00:00,"[{""tag"": ""decoracion"", ""category"": ""ambiente"", ""polarity"": ""bien""}]"
d746458c17923ed4d72e8f93b8b7679d22fe0a9c367d49cf52176bdbe5076c9e,2026-02-22T20:56:41.949765+00:00,"[{""tag"": ""manejo_quejas"", ""category"": ""atencion"", ""polarity"": ""mal""}]"
b9eea6edc6e3e7b2b0dfe4be7bfae46aedda9fcfc21c5ad075441cd6af0dd805,2026-02-22T20:56:47.371250+00:00,"[{""tag"": ""mesero"", ""category"": ""atencion"", ""polarity"": ""bien""}]"
1f74de35181475f7715383c7bad8f1d80afea4a82b0dea36136f7d5998efff2b,2026-02-22T20:56:49.829698+00:00,"[{""tag"": ""manejo_alergias"", ""category"": ""atencion"", ""polarity"": ""bien""}]"
1dd90576af927065fffff7ac8cbde2354047e4177186721de03776cb3a36dc00,2026-02-22T20:56:55.085223+00:00,"[{""tag"": ""adaptacion_plato"", ""category"": ""atencion"", ""polarity"": ""bien""}]"
3ea62c2b2b90d2a84390c1000bc525860525e57910e3c5ab7c2d4f85ae5414c5,2026-02-22T20:56:57.750855+00:00,"[{""tag"": ""precio"", ""category"": ""precio_calidad"", ""polarity"": ""bien""}, {""tag"": ""tranquilidad"", ""category"": ""ambiente"", ""polarity"": ""bien""}]"
917fe010dfd7abdc52c5b73067fa286ee0468d627a4eb54a49f56832eefac517,2026-02-22T20:56:59.429031+00:00,"[{""tag"": ""ambiente"", ""category"": ""ambiente"", ""polarity"": ""bien""}]"
ad4d59eaf580a97f809dd252b2a8e7137ac4eb96a75e7ded6a8c66f30be4b7a3,2026-02-22T20:57:03.793178+00:00,"[{""tag"": ""experiencia"", ""category"": ""experiencia_general"", ""polarity"": ""bien""}]"
37c31a3c4ee73078ec3b947816f0cdbc9588775a36d671ebeb94f720bf1762f8,2026-02-22T20:57:05.680168+00:00,"[{""tag"": ""tiempo_espera"", ""category"": ""atencion"", ""polarity"": ""mal""}]"
765b9acd2168d453230ded61168dd373ae6044142a72bfed4cdcaa8ba801c646,2026-02-22T20:57:10.312652+00:00,"[{""tag"": ""tiempo_espera"", ""category"": ""atencion"", ""polarity"": ""mal""}, {""tag"": ""mesero"", ""category"": ""atencion"", ""polarity"": ""bien""}]"
4e9e9350edd9c6381e336244af1c6c2f6d542a54f4f2f9414fd3b9c5181ba33f,2026-02-22T20:57:12.932755+00:00,"[{""tag"": ""pisco_sour"", ""category"": ""comida"", ""polarity"": ""bien""}]"
6756aab5e73b90efe837444a737991e09c61f274eb42673cf3351cd92dbab655,2026-02-22T20:57:15.796243+00:00,"[{""tag"": ""precio"", ""category"": ""precio_calidad"", ""polarity"": ""neutral""}]"
aba6b69e353b4c57515316bbb131f6a7fb5920fc402a3adea923d2af4e96e46a,2026-02-22T20:57:17.800341+00:00,"[{""tag"": ""decoracion"", ""category"": ""ambiente"", ""polarity"": ""bien""}]"
29ce54523ab6e72228896b60824b2839fa0cb6c2194128862673b29d31664d04,2026-02-22T20:57:20.403431+00:00,"[{""tag"": ""mesero"", ""category"": ""atencion"", ""polarity"": ""mal""}]"
af73f6ecbb30eba5f986db61b6fd2f8ce11e8caea2f4990903744cc3fab1bd61,2026-02-22T20:57:22.602243+00:00,"[{""tag"": ""comida"", ""category"": ""comida"", ""polarity"": ""mal""}]"
498229e1e7809ae8b01da3cd6f976924db7b31ac88f86f97ade26fb521c9c901,2026-02-22T20:57:24.441556+00:00,"[{""tag"": ""mesero"", ""category"": ""atencion"", ""polarity"": ""mal""}]"
cccffff2bc09968a02351872bd17af6ab8ff4aaef0fcd8ddd663a79dca951b90,2026-02-22T20:57:26.510750+00:00,"[{""tag"": ""comida"", ""category"": ""comida"", ""polarity"": ""bien""}]"
a7b33f4ddee1f1ac71b1ae1131ea707e8402540216beecc3b466239c1860c1d3,2026-02-22T20:57:28.030705+00:00,"[{""tag"": ""precio"", ""category"": ""precio_calidad"", ""polarity"": ""mal""}]"
084a30c7bbcbcf864bb9bcf5eeedab409ae19a3f670e0506c1d12522dfebf472,2026-02-22T20:57:29.829953+00:00,"[{""tag"": ""ambiente"", ""category"": ""ambiente"", ""polarity"": ""mal""}]"
6b8ce0b7eeb719df324fa0fffbcc74ee3319e19d2db543083b4d8e5246d5951e,2026-02-22T20:57:32.365492+00:00,"[{""tag"": ""ventilacion"", ""category"": ""ambiente"", ""polarity"": ""mal""}]"
0a30fd4f26cde7ddde724b57774001d973283bd4f27af9cb6178180c0540ff0a,2026-02-22T20:57:35.644146+00:00,"[{""tag"": ""opciones_ninos"", ""category"": ""comida"", ""polarity"": ""mal""}]"
82f0ce4643c345c3c2a7aaeb745335f090f9db3c386eecac9f641a42483dbd08,2026-02-22T20:57:38.102615+00:00,"[{""tag"": ""mesero"", ""category"": ""atencion"", ""polarity"": ""bien""}]"
5073fa1f537d46b75eb16b18b8cea70212ea3d5dce8058967b8825ed585363c7,2026-02-22T20:57:40.111637+00:00,"[{""tag"": ""comida"", ""category"": ""comida"", ""polarity"": ""bien""}]"
11cf3a3dbd9f4931c3197fa2306b4c17c4e0a5f8109701d58ee1cc3a26071a62,2026-02-22T20:57:42.103459+00:00,"[{""tag"": ""precio"", ""category"": ""precio_calidad"", ""polarity"": ""bien""}]"
96860f51e1b306aa0510cd29bb10f4899397b117378e0e78c3aac699ea8cae55,2026-02-22T20:57:43.983175+00:00,"[{""tag"": ""accesibilidad"", ""category"": ""ambiente"", ""polarity"": ""bien""}]"
57a355ada9e0beacc211f887f2ba644e2c81ab27c12eb467fe08c1761b8021c4,2026-02-22T20:57:48.575252+00:00,"[{""tag"": ""menu_infantil"", ""category"": ""comida"", ""polarity"": ""mal""}]"
e41aa9727e402356844fed6e993753c20b3999c56a2401d816fe0157e4e6df7c,2026-02-22T20:57:50.598278+00:00,"[{""tag"": ""servicio_agua"", ""category"": ""atencion"", ""polarity"": ""mal""}]"
f8561acc6ed73e8e52a41919b504c205ae11ae907af3a216c5379bae457c0499,2026-02-22T20:57:53.884185+00:00,"[{""tag"": ""mesero"", ""category"": ""atencion"", ""polarity"": ""bien""}]"
d476548bf23e2dfffc390cb6c98b679b15a8dce0837c4e602b8c899c5f791743,2026-02-22T20:57:56.331078+00:00,"[{""tag"": ""comida"", ""category"": ""comida"", ""polarity"": ""bien""}]"
abb7d338a473d003218f08fcdbdfa1884307ff43ff5d31b10f8e14c4cb0b3f65,2026-02-22T20:57:58.589358+00:00,"[{""tag"": ""precio"", ""category"": ""precio_calidad"", ""polarity"": ""bien""}]"
03479efb03d75db382e7828522b63cbcffab4240ad4f62b1eac2803fd18ecd1a,2026-02-22T20:58:00.486946+00:00,"[{""tag"": ""ambiente"", ""category"": ""ambiente"", ""polarity"": ""bien""}]"
6d6f021b464dd0f485ec1ad942f2d598b2cb7d1e5eefd313cfdcb839aa14ec02,2026-02-22T20:58:02.219000+00:00,"[{""tag"": ""ambiente"", ""category"": ""ambiente"", ""polarity"": ""mal""}]"
a673be0668e2f0c83d912f30ca6145bca6626564e288d107fc8d854168a91119,2026-02-22T20:58:03.845450+00:00,"[{""tag"": ""experiencia"", ""category"": ""experiencia_general"", ""polarity"": ""mal""}]"
3595bf87d1ed5df036d09c0280950bc9ce10fb48991062db8f63bb45d905e40c,2026-02-22T20:58:05.848896+00:00,"[{""tag"": ""tiempo_espera"", ""category"": ""atencion"", ""polarity"": ""mal""}, {""tag"": ""mesero"", ""category"": ""atencion"", ""polarity"": ""bien""}]"
0b5c330a4e9950547c2d848ab00b2738858bbacd29a53d2d583e2eb38691ba60,2026-02-22T20:58:07.754494+00:00,"[{""tag"": ""comida"", ""category"": ""comida"", ""polarity"": ""bien""}]"
8f1a840330dfd2ba9a65f664cba03a68689bcca7bea4385025dca50494028f92,2026-02-22T20:58:10.879478+00:00,"[{""tag"": ""precio"", ""category"": ""precio_calidad"", ""polarity"": ""neutral""}, {""tag"": ""tiempo_espera"", ""category"": ""atencion"", ""polarity"": ""bien""}]"
e32b610a07ed805f30c8aa822f6ba4d70cb3cc6814c94524f5e680c328fdfef0,2026-02-22T20:58:12.987387+00:00,"[{""tag"": ""ambiente"", ""category"": ""ambiente"", ""polarity"": ""bien""}]"
f890d426e27f6c456ccd9b910fafa4d7c018af0e2655fb20c5c4d20be72ef6cd,2026-02-22T20:58:14.598143+00:00,"[{""tag"": ""experiencia"", ""category"": ""experiencia_general"", ""polarity"": ""mal""}]"
ca0d12e0ea6ed14c341a18b16c2a4bfc31c2a6e314c9663b9493903e785dc30b,2026-02-22T20:58:16.307771+00:00,"[{""tag"": ""mesero"", ""category"": ""atencion"", ""polarity"": ""mal""}]"
850aa1703244d57313558d83968d91015278f900a986d05ad7c710b113417f7f,2026-02-22T20:58:18.539108+00:00,"[{""tag"": ""mesero"", ""category"": ""atencion"", ""polarity"": ""mal""}]"
6db7783e07b73005ee9fdfcbb2d55b152746bec6c44f537828a9709ed8b27707,2026-02-22T20:58:20.378727+00:00,"[{""tag"": ""comida"", ""category"": ""comida"", ""polarity"": ""bien""}]"
38ff4076afba5e6a5ba3818be4482faed5d44997c37d9a014ab4c26ac55fe053,2026-02-22T20:58:22.097560+00:00,"[{""tag"": ""precio"", ""category"": ""precio_calidad"", ""polarity"": ""neutral""}]"
0cfeced134fa25c470bfb439e886ba129c4f5ac5a0c114d6df7df21ef6baffd4,2026-02-22T20:58:24.363741+00:00,"[{""tag"": ""ubicacion"", ""category"": ""ambiente"", ""polarity"": ""bien""}]"
67c7cd6485fcf6d2deacf299f44ae0216c80fae67d28002c592d8095696d29cc,2026-02-22T20:58:28.026164+00:00,"[{""tag"": ""limpieza_cubiertos"", ""category"": ""ambiente"", ""polarity"": ""mal""}]"
e26596819c54d55fdc6e52ef9bca40b5139745645d92111d42ea15f8e9e08f1a,2026-02-22T20:58:33.026441+00:00,"[{""tag"": ""atencion_general"", ""category"": ""atencion"", ""polarity"": ""bien""}]"
a9a6ed1bd09dfbcb8a4bd618b39677e9e0fb833b663614b1c343060a99cbdbc5,2026-02-22T20:58:34.864841+00:00,"[{""tag"": ""mesero"", ""category"": ""atencion"", ""polarity"": ""bien""}]"
68f3e11d0f6b754c2bd4498676e918931ca8eab5a286708c14d65d4502741980,2026-02-22T20:58:36.695008+00:00,"[{""tag"": ""comida"", ""category"": ""comida"", ""polarity"": ""bien""}]"
b70e9360da02f7105436c184279fc7d1c7d0bec300dffe0cf1ea69233fdea6f8,2026-02-22T20:58:39.813429+00:00,"[{""tag"": ""precio"", ""category"": ""precio_calidad"", ""polarity"": ""bien""}]"
1c5cb892cf55503fc1cdca359f0d4215a95bb181be9a3814d0e716d76a7d0b27,2026-02-22T20:58:41.587239+00:00,"[{""tag"": ""ambiente"", ""category"": ""ambiente"", ""polarity"": ""bien""}]"
0f6e532a67d34bebd4d2413b6219bb0ad2b08ea267a4a1d88e17edfa25f73f7e,2026-02-22T20:58:43.063877+00:00,"[{""tag"": ""experiencia"", ""category"": ""experiencia_general"", ""polarity"": ""bien""}]"
5b966b8e6d735133ee500a33a13a7d663413e939d927cc266c7320fa1082951a,2026-02-22T20:58:50.483858+00:00,"[{""tag"": ""mesero"", ""category"": ""atencion"", ""polarity"": ""mal""}]"
5a90e173908ff2f6bb3efe075f564fc84c1a7ec0c57e8ad3e63a5bcbec0a4967,2026-02-22T20:58:52.347770+00:00,"[{""tag"": ""mesero"", ""category"": ""atencion"", ""polarity"": ""mal""}]"
680b7f7eea672f83b4e715fbe7b84aa07a272d5d56b244ece9293d04c125d809,2026-02-22T20:58:53.997507+00:00,"[{""tag"": ""comida"", ""category"": ""comida"", ""polarity"": ""bien""}]"
9bf62c5eadff51bbbe8d1279fdf416aaca30d3a4309149800fef32f3f6ca3c4b,2026-02-22T20:58:55.476647+00:00,"[{""tag"": ""precio"", ""category"": ""precio_calidad"", ""polarity"": ""mal""}]"
01e171345a634455c342025ecf19220f94fbc2696e47e3e7940bb06735b1bbd0,2026-02-22T20:58:57.937133+00:00,"[{""tag"": ""tematica_andina"", ""category"": ""ambiente"", ""polarity"": ""bien""}]"
af22f37eda7bf77169e424546a5d39d771d93bfa50e56407581cadbb10f5d6aa,2026-02-22T20:58:59.613996+00:00,"[{""tag"": ""experiencia"", ""category"": ""experiencia_general"", ""polarity"": ""mal""}]"
3947a1e15d47ab4aa363906be95702c8259cc9068f72ff9f14bf1ceac2156862,2026-02-22T20:59:01.916180+00:00,"[{""tag"": ""explicacion_ingredientes"", ""category"": ""comida"", ""polarity"": ""mal""}]"
c1f90cf93078958a95bf7fbdca24219129bb439f193e1d989ecaa4803a287139,2026-02-22T20:59:04.676283+00:00,"[{""tag"": ""mesero"", ""category"": ""atencion"", ""polarity"": ""bien""}, {""tag"": ""mesero"", ""category"": ""atencion"", ""polarity"": ""mal""}]"
37730d0c8256f3aa01a60483712d2304c7cfc288f12bc93b21132c2f3083df66,2026-02-22T20:59:06.471674+00:00,"[{""tag"": ""comida"", ""category"": ""comida"", ""polarity"": ""bien""}]"
9184bde70f560c091809aa0d3e7e9048210d1ed0c5ef86ca9ce2479f82a2d36b,2026-02-22T20:59:07.892889+00:00,"[{""tag"": ""precio"", ""category"": ""precio_calidad"", ""polarity"": ""bien""}]"
383f39367eb8893580f5912aefded2e6347a2c88acefac195177ee0b1a64d806,2026-02-22T20:59:09.378633+00:00,"[{""tag"": ""ambiente"", ""category"": ""ambiente"", ""polarity"": ""bien""}]"
8e6bb5bb7525f41ad490f964656d9655b89b3f871c5ef0ff078ce7f72e16b670,2026-02-22T20:59:12.950163+00:00,"[{""tag"": ""conocimiento_alergias"", ""category"": ""atencion"", ""polarity"": ""mal""}]"
69c678677cddf6d87eef165e5ee65349676a33135723fbd8d0dc215bd663c162,2026-02-22T20:59:14.401662+00:00,"[{""tag"": ""mesero"", ""category"": ""atencion"", ""polarity"": ""mal""}]"
f21f4f3afe74592b89a57699dbbb9330c12b947b7bddab62b828f7a2fcf74ad6,2026-02-22T20:59:16.464983+00:00,"[{""tag"": ""mesero"", ""category"": ""atencion"", ""polarity"": ""mal""}]"
d448e4a392106ed4cee6649545e08e78dad73c3fbd80646f51be241b0f07a28d,2026-02-22T20:59:19.345593+00:00,"[{""tag"": ""comida"", ""category"": ""comida"", ""polarity"": ""bien""}]"
745ccc7357a15733eb0f42b0190505efa2943bc93d262cac7f7800289de6851c,2026-02-22T20:59:36.535095+00:00,"[{""tag"": ""precio"", ""category"": ""precio_calidad"", ""polarity"": ""bien""}, {""tag"": ""experiencia"", ""category"": ""experiencia_general"", ""polarity"": ""mal""}]"
2565b2c4303067b71a5d541dbb840f3ad793af2b3f663ef44170c406d83dbe9b,2026-02-22T20:59:38.149470+00:00,"[{""tag"": ""ambiente"", ""category"": ""ambiente"", ""polarity"": ""bien""}]"
f96d1e4585e14c07df77a7af3ad82b8012baa5eafdbdcfbc7f8391281df323ea,2026-02-22T20:59:40.091410+00:00,"[{""tag"": ""mesero"", ""category"": ""atencion"", ""polarity"": ""mal""}]"
a0d7b15c23f7b13c722afd8f90dbc56b8bedacc74d8d404596d55f56469191d4,2026-02-22T20:59:41.664261+00:00,"[{""tag"": ""tiempo_espera"", ""category"": ""atencion"", ""polarity"": ""bien""}]"
3a1ed0683797b4a75ad8e5636f69a6f412a99e863abd6db32a1536437b468d4b,2026-02-22T20:59:43.337593+00:00,"[{""tag"": ""tiempo_espera"", ""category"": ""atencion"", ""polarity"": ""bien""}]"
a2bf462e265aa64d44b667a554a03a780c7dcf8703119524dd3bd56906e60aae,2026-02-22T20:59:45.318462+00:00,"[{""tag"": ""comida"", ""category"": ""comida"", ""polarity"": ""bien""}]"
f5f01f799b69f0103742e42a6b5af900788df795101dada86f2b89b4a1fafffc,2026-02-22T20:59:46.968233+00:00,"[{""tag"": ""precio"", ""category"": ""precio_calidad"", ""polarity"": ""bien""}]"
2f45bbf21fa1553a8a39d23df2a07a2b8ce878aded277b4b3b1b95246981f27f,2026-02-22T20:59:48.528276+00:00,"[{""tag"": ""olor"", ""category"": ""ambiente"", ""polarity"": ""bien""}]"
663515d703a35affb2840af16f6841be8704e0dbdbe49017a82b83f61de58b43,2026-02-22T20:59:49.837081+00:00,"[{""tag"": ""experiencia"", ""category"": ""experiencia_general"", ""polarity"": ""bien""}]"
79fbac05f04758b6a3c0da2f993fad70a4cebff63f07cbfe998484bffe633ae4,2026-02-22T20:59:51.860350+00:00,"[{""tag"": ""cobro"", ""category"": ""atencion"", ""polarity"": ""mal""}]"
b59f140aac0426bf9c323ac9e2e81edab692af3002c8f9e81695ec6fa8099fd0,2026-02-22T20:59:53.732774+00:00,"[{""tag"": ""cobro"", ""category"": ""atencion"", ""polarity"": ""mal""}, {""tag"": ""mesero"", ""category"": ""atencion"", ""polarity"": ""mal""}]"
eb7bc508ecc913f9f090fde1a1b62078dc41796e9fa977e9b3893ba4fab261e4,2026-02-22T20:59:55.896490+00:00,"[{""tag"": ""comida"", ""category"": ""comida"", ""polarity"": ""bien""}]"
1dfc3f462c0754592f2370356398a3f6a53ae5f57d549540e25bb48c20dc3413,2026-02-22T20:59:59.190850+00:00,"[{""tag"": ""experiencia"", ""category"": ""experiencia_general"", ""polarity"": ""mal""}, {""tag"": ""estafa_precio"", ""category"": ""precio_calidad"", ""polarity"": ""mal""}]"
645d7c247345b7c7c30c94226b771bc8b0b2fcf9a6a4ca7816a4a6e0c34802f0,2026-02-22T21:00:00.593748+00:00,"[{""tag"": ""ambiente"", ""category"": ""ambiente"", ""polarity"": ""neutral""}]"
9562fa52bc415eb365b5fbc6d963bbbde446204480826d8a540e37e6f99c271c,2026-02-22T21:00:02.644430+00:00,"[{""tag"": ""cobro"", ""category"": ""atencion"", ""polarity"": ""mal""}]"
cf21d224c89be8e6ba22ae899d29a5b8d901546f33b6693005ad026630da427c,2026-02-22T21:00:05.935261+00:00,"[{""tag"": ""empatia"", ""category"": ""atencion"", ""polarity"": ""mal""}]"
b272fea6b40d1ff2d719bca817e17b95a012b0ff7b8a584d40b7b57ff5167614,2026-02-22T21:00:07.792025+00:00,"[{""tag"": ""mesero"", ""category"": ""atencion"", ""polarity"": ""mal""}]"
734bc28d8f126394e750b97a8e08fbe5fc0edb8fd018db0f729bba9e7524412f,2026-02-22T21:00:09.785388+00:00,"[{""tag"": ""comida"", ""category"": ""comida"", ""polarity"": ""bien""}]"
bc9193abd3a16555a47d6a0b354e62bdb9d780a1f06857f323b3b28da13b50f3,2026-02-22T21:00:13.167629+00:00,"[{""tag"": ""precio"", ""category"": ""precio_calidad"", ""polarity"": ""bien""}]"
07b390b7b9099d9434f6bbf94dffe333b347d1c442b6e4cc4f546139a50f3857,2026-02-22T21:00:16.195284+00:00,"[{""tag"": ""ubicacion"", ""category"": ""ambiente"", ""polarity"": ""bien""}]"
9052d6c3e640279d392a83be59b4cec2d4d5d42cdd09b038412399c4a40eb8c4,2026-02-22T21:00:18.463626+00:00,"[{""tag"": ""mesero"", ""category"": ""atencion"", ""polarity"": ""mal""}]"
4317709d625f6b93e9dda1316a927092827fbbc9ca34e6fdf9af00db072eefb7,2026-02-22T21:00:21.463593+00:00,"[{""tag"": ""bebidas"", ""category"": ""comida"", ""polarity"": ""mal""}]"
618b9dd2a9d7c0df6297480573fb73a1bbdc7d53a16ea68df82755c7a632af8d,2026-02-22T21:00:23.260043+00:00,"[{""tag"": ""tiempo_espera"", ""category"": ""atencion"", ""polarity"": ""mal""}]"
49135ebf261395b9238e1822f3714df2c1a555bf1c9a6c094a7cb9493f44fedf,2026-02-22T21:00:24.827715+00:00,"[{""tag"": ""comida"", ""category"": ""comida"", ""polarity"": ""bien""}]"
c79d628cbb9250ba2c43cd165b424bca43b69bc7c748a5fb1923622d4fab96b0,2026-02-22T21:00:26.979206+00:00,"[{""tag"": ""precio"", ""category"": ""precio_calidad"", ""polarity"": ""bien""}]"
9bcb7e53fabcc72ea0471fe0ea5868627614cec2f702d063f703b4f743534118,2026-02-22T21:00:28.575728+00:00,"[{""tag"": ""ambiente"", ""category"": ""ambiente"", ""polarity"": ""bien""}]"
cffb832fb7a38d762a5a7a71d7bf7b26b1c995a2f5cf8e5e1119f9c95d3ad176,2026-02-22T21:00:31.939033+00:00,"[{""tag"": ""bebidas"", ""category"": ""comida"", ""polarity"": ""mal""}]"
24d8fbcfde964b9e05a0c18c8b9347987421c4d400b2ee233eefcf5481d4736b,2026-02-22T21:00:35.824557+00:00,"[{""tag"": ""mesero"", ""category"": ""atencion"", ""polarity"": ""mal""}]"
76a9b9fbc4a4e4e0b75664d7935f88771f53326aff8f8e0a195cd94761c8c03f,2026-02-22T21:00:39.441280+00:00,"[{""tag"": ""mesero"", ""category"": ""atencion"", ""polarity"": ""mal""}]"
b65750bf07711ea33f032aede916018fdc353405b93c5116ad4fb7d1d9fc56f3,2026-02-22T21:00:41.403033+00:00,"[{""tag"": ""comida"", ""category"": ""comida"", ""polarity"": ""bien""}, {""tag"": ""punto_coccion_carne"", ""category"": ""comida"", ""polarity"": ""mal""}]"
3fc94bd04b6105848458bbfffb8512cadc92ec5c098e6cb54e764140cf3dca95,2026-02-22T21:00:43.294466+00:00,"[{""tag"": ""precio"", ""category"": ""precio_calidad"", ""polarity"": ""mal""}]"
4eda94c3ea30287edab0fe0c826bc0a28d5a011a8ba95f495b6c835c906df8be,2026-02-22T21:00:45.146107+00:00,"[{""tag"": ""ba√±os"", ""category"": ""ambiente"", ""polarity"": ""bien""}]"
18e91bbbc5552156bf70251b930633d2cfbeff10e5575bdefbb1ca34fdaeb52f,2026-02-22T21:00:52.000189+00:00,"[{""tag"": ""personalizacion_comida"", ""category"": ""atencion"", ""polarity"": ""mal""}]"
4d2a3dafed5a74da9b6d117ac396ccc1c3ae7b3d51d510df4d62e10fdde43555,2026-02-22T21:00:54.518809+00:00,"[{""tag"": ""experiencia"", ""category"": ""experiencia_general"", ""polarity"": ""bien""}]"
ff7e6814377d629676521cfa22cec5efdd5814761d7c3729735ad18277941f5f,2026-02-22T21:00:58.467925+00:00,"[{""tag"": ""atencion_general"", ""category"": ""atencion"", ""polarity"": ""bien""}]"
04683b966aa5e7b48554bf3b180cdd76c052b21270d6e9044a67f86b92a33059,2026-02-22T21:01:00.162283+00:00,"[{""tag"": ""comida"", ""category"": ""comida"", ""polarity"": ""bien""}]"
51dcea3415b15adef70c6a29a5d69ce9c9e13f883ce0f57f11d968c14ff06d22,2026-02-22T21:01:02.109453+00:00,"[{""tag"": ""precio"", ""category"": ""precio_calidad"", ""polarity"": ""bien""}]"
37adb34a34aec0958880f9a03a7edda1a2898ae0ac04e278a79c768af037c7b8,2026-02-22T21:01:03.544586+00:00,"[{""tag"": ""ambiente"", ""category"": ""ambiente"", ""polarity"": ""bien""}]"
bae063dd95ede006257420f59dec66d3ca07f7d9ed56fc49d157085747bbd80e,2026-02-22T21:01:10.031471+00:00,"[{""tag"": ""tiempo_espera"", ""category"": ""atencion"", ""polarity"": ""mal""}]"
510c16abdfc942d152e7148d2f74b07fc2264833e88a4ff499ed25caff5f00ff,2026-02-22T21:01:16.552047+00:00,"[{""tag"": ""mesero"", ""category"": ""atencion"", ""polarity"": ""bien""}, {""tag"": ""cobro"", ""category"": ""atencion"", ""polarity"": ""mal""}, {""tag"": ""tiempo_espera"", ""category"": ""atencion"", ""polarity"": ""mal""}]"
9236715445f50a90078156896704e6ae728562f115144ebb4ad029cb363246bb,2026-02-22T21:01:22.588648+00:00,"[{""tag"": ""tallarin_saltado"", ""category"": ""comida"", ""polarity"": ""bien""}]"
b9bfc45d1e77fb17a4e09e60b67e56566ac4a77edf869de01d3f1c3869b04516,2026-02-22T21:01:23.970248+00:00,"[{""tag"": ""precio"", ""category"": ""precio_calidad"", ""polarity"": ""neutral""}]"
a6e22aecc36cabf51e7a613c5ca7e3c2082466c3219d07a4f5297695b18083a4,2026-02-22T21:01:27.309651+00:00,"[{""tag"": ""limpieza"", ""category"": ""ambiente"", ""polarity"": ""bien""}]"
415d4450893ec920c4ce2588b3e39ca0b1512c4c8e38cbab362bd465f20e49fe,2026-02-22T21:01:28.963964+00:00,"[{""tag"": ""cobro"", ""category"": ""atencion"", ""polarity"": ""mal""}]"
bbeeafba8aa402cf561379094659696a8e233ad6b909dfae77bc7b6d940040a9,2026-02-22T21:01:30.989097+00:00,"[{""tag"": ""mesero"", ""category"": ""atencion"", ""polarity"": ""mal""}]"
f9aa05307be2e34071b20b420ef9dce10002f0fad11386129691fb7139338745,2026-02-22T21:01:33.298849+00:00,"[{""tag"": ""mesero"", ""category"": ""atencion"", ""polarity"": ""mal""}]"
00bf6b713c2c880d248eafad89d8956dd75b2ea3a9dc9013cfe582344fa8285c,2026-02-22T21:01:35.184450+00:00,"[{""tag"": ""comida"", ""category"": ""comida"", ""polarity"": ""bien""}]"
009f10e803aacd28406fb3c1d7a4dde9a86d30124ab3fd229cda7ed1b2c63cfe,2026-02-22T21:01:36.883899+00:00,"[{""tag"": ""ambiente"", ""category"": ""ambiente"", ""polarity"": ""bien""}]"
ab56f937b1830b54f1d4c9529bb4ff5df9022a03af6cd5139d7ed74529784fb9,2026-02-22T21:01:40.728722+00:00,"[{""tag"": ""profesionalismo"", ""category"": ""atencion"", ""polarity"": ""mal""}]"
e07e2fa33612a3c6e1a00953f5efaedcdc79d0a4be308fb9821a4d2b4861d4aa,2026-02-22T21:01:43.238462+00:00,"[{""tag"": ""llamadas"", ""category"": ""atencion"", ""polarity"": ""mal""}]"
b2c2dfb12f291f4dcf0abee1aee6b07c381963d0fe810c850416eb2121464e13,2026-02-22T21:01:45.225002+00:00,"[{""tag"": ""delivery"", ""category"": ""atencion"", ""polarity"": ""mal""}, {""tag"": ""atencion_en_salon"", ""category"": ""atencion"", ""polarity"": ""bien""}]"
95da887b74fe73abe4a9094874f6552e31e30493a39b36bd31ec313ef0c8caff,2026-02-22T21:01:47.352849+00:00,"[{""tag"": ""comida"", ""category"": ""comida"", ""polarity"": ""bien""}]"
b33b2fc27ccad40dc77b9f66358a40025bb0609013d27b17402a2d3896594774,2026-02-22T21:01:48.678299+00:00,"[{""tag"": ""ambiente"", ""category"": ""ambiente"", ""polarity"": ""bien""}]"
9cd280b90bc59238346a637bae2b6e6365a26ec08b8b03af701a4d937c96c5c6,2026-02-22T21:01:53.146518+00:00,"[{""tag"": ""servicio_telefonico"", ""category"": ""atencion"", ""polarity"": ""mal""}]"
6f0a91856e92fa0831b36652f71772f8c7d549766526c467d329655eef72dadd,2026-02-22T21:01:55.660960+00:00,"[{""tag"": ""retiro_platos"", ""category"": ""atencion"", ""polarity"": ""mal""}]"
fce3d8181d28e094dabd9be95098744ad3ea5fe6fd1ec2a0eed7ed18b8f722cd,2026-02-22T21:01:57.809118+00:00,"[{""tag"": ""mesero"", ""category"": ""atencion"", ""polarity"": ""mal""}]"
651dbefab60fbdb2967143af62858ea39a00a251024ad1b598315abcacc3c723,2026-02-22T21:01:59.710273+00:00,"[{""tag"": ""comida"", ""category"": ""comida"", ""polarity"": ""bien""}]"
00c681f40e89598771e179c5c6d8abe3de7b7838bd343e3d4db56ab9f4f471c3,2026-02-22T21:02:06.390260+00:00,[]
68adeed596468d6ffbe45a3a132429d7d4cbed552b1843169c97e1861fdd0a41,2026-02-22T21:02:09.240236+00:00,"[{""tag"": ""vista"", ""category"": ""ambiente"", ""polarity"": ""bien""}]"
698061cf4e3fdfc370312c039832df211e2c691721d5b8e150945f47784e8474,2026-02-22T21:02:10.612118+00:00,"[{""tag"": ""tiempo_espera"", ""category"": ""atencion"", ""polarity"": ""mal""}]"
8bf176b71a2aa29bdce1ce81d065429a9c665594c6a417a8f78be1a413662581,2026-02-22T21:02:12.340420+00:00,"[{""tag"": ""comida"", ""category"": ""comida"", ""polarity"": ""mal""}]"
88c06e715331f5d6174ef5429b276dde9fba0f59a8273eac14fc07c5b65fcd2a,2026-02-22T21:02:14.499232+00:00,"[{""tag"": ""mesero"", ""category"": ""atencion"", ""polarity"": ""mal""}]"
a85977ac87ce3c45e28d43460794823ccc5af355c3be902d31d563b780fce7aa,2026-02-22T21:02:16.508884+00:00,"[{""tag"": ""comida"", ""category"": ""comida"", ""polarity"": ""bien""}]"
3adec5fd682cdd3cc602e8838bca7ae77df0cddf6b32fbf497eac89e3ec6a30f,2026-02-22T21:02:18.930748+00:00,"[{""tag"": ""precio"", ""category"": ""precio_calidad"", ""polarity"": ""bien""}]"
8266519f2506b229e35e721cbec5f7d98eec52931d0a999f86c0efbfe4ab73d5,2026-02-22T21:02:21.997281+00:00,"[{""tag"": ""ambiente"", ""category"": ""ambiente"", ""polarity"": ""bien""}]"
971c60f6a78d344d322f8d4571e18b01f1beba212d2312a264906c3a596ed987,2026-02-22T21:02:24.385934+00:00,"[{""tag"": ""labor_venta"", ""category"": ""atencion"", ""polarity"": ""mal""}]"
8ef38bd5b94bd15c2ea3e552e2813fd70d16b6258cf8b2f17012972ff6325df8,2026-02-22T21:02:26.718743+00:00,"[{""tag"": ""mesero"", ""category"": ""atencion"", ""polarity"": ""mal""}]"
e8e231b07419ae12f76d1086bcc151811d92792a51202539f8acc16b1641ae3d,2026-02-22T21:02:29.353320+00:00,"[{""tag"": ""mesero"", ""category"": ""atencion"", ""polarity"": ""mal""}]"
d984e6b9a3fbcabd85dd2a81e28cd1cb03abc078f14affe51e33e76346c05b3a,2026-02-22T21:02:31.022293+00:00,"[{""tag"": ""pan_con_chicharron"", ""category"": ""comida"", ""polarity"": ""bien""}]"
95ac52e85a6ee9de83a0480fa3dbe5ebc39877388ab8d3d3a6b475f209ae13bf,2026-02-22T21:02:33.358630+00:00,"[{""tag"": ""precio"", ""category"": ""precio_calidad"", ""polarity"": ""bien""}]"
aa6388ae84bb9dea9ce8ed08442627ba610e5fba0202e837285695123f1076a1,2026-02-22T21:02:35.146206+00:00,"[{""tag"": ""ambiente"", ""category"": ""ambiente"", ""polarity"": ""bien""}]"
500cceecf953ef8f93c5fcea48f5fa2559b7a04cc9c92ceedb1c3410446d4a12,2026-02-22T21:02:37.093032+00:00,"[{""tag"": ""mesero"", ""category"": ""atencion"", ""polarity"": ""mal""}]"
f525ee6d29ffb8da0cc4882374336e75273c60f77acfd79c7ae358957cddf639,2026-02-22T21:02:41.319591+00:00,"[{""tag"": ""atencion_general"", ""category"": ""atencion"", ""polarity"": ""bien""}]"
21c21f624ce8e00fabd1539ebeb68dd1d2af95bb68fa7f1869cbacfdc65a7345,2026-02-22T21:02:42.865313+00:00,"[{""tag"": ""mesero"", ""category"": ""atencion"", ""polarity"": ""bien""}]"
415cf9c2fe1f261c24a4700e19ec6ed656d1fe4941491f2014ae76c153726f51,2026-02-22T21:02:44.393491+00:00,"[{""tag"": ""comida"", ""category"": ""comida"", ""polarity"": ""bien""}]"
83465bbbe360f234a7942d84d48bd8b5448c1e6845156b879ff8b5891d642b05,2026-02-22T21:02:46.091772+00:00,"[{""tag"": ""precio"", ""category"": ""precio_calidad"", ""polarity"": ""bien""}]"
a54f7563b39d2968656747f8c5b0cd11a1c88ac2b7fff0fdd8a2d76ffab5aa7b,2026-02-22T21:02:47.522937+00:00,"[{""tag"": ""ambiente"", ""category"": ""ambiente"", ""polarity"": ""bien""}]"
9c074c734ed4c10a61bd1d91c5eefe6e2498c409392995b9028f9ce20064a062,2026-02-22T21:02:49.006504+00:00,"[{""tag"": ""tiempo_espera"", ""category"": ""atencion"", ""polarity"": ""mal""}]"
66d2a217fa9908b540d2b1ef30c5a73afc7e030658e7cf341cce42342f18ea16,2026-02-22T21:02:50.411587+00:00,"[{""tag"": ""tiempo_espera"", ""category"": ""atencion"", ""polarity"": ""mal""}]"
08cda518cabcb5f80ab6bb1d84e13c6d6103e41b7f5d9564b6912d1ed8999de8,2026-02-22T21:02:52.290315+00:00,"[{""tag"": ""comida"", ""category"": ""comida"", ""polarity"": ""bien""}]"
c4865ec707bf9187a869db4b409ae64209b23d8092bee9f6c83c4e3be7aba63a,2026-02-22T21:02:54.321278+00:00,"[{""tag"": ""precio"", ""category"": ""precio_calidad"", ""polarity"": ""mal""}, {""tag"": ""tiempo_espera"", ""category"": ""atencion"", ""polarity"": ""mal""}]"
a3a7c49f25ae0c223b052dc6edb69ea1995b3b966c1207fc7317cd41299944ae,2026-02-22T21:02:56.815742+00:00,"[{""tag"": ""sillas"", ""category"": ""ambiente"", ""polarity"": ""mal""}]"
1d6856db449d9600318ebf6cbc96bd17dd81b6fe93975b2caa157e8851815a10,2026-02-22T21:02:58.609426+00:00,"[{""tag"": ""tiempo_espera"", ""category"": ""atencion"", ""polarity"": ""mal""}]"
464e5e18b50263db0ec2b8e1dd94336ffcdd3f3a98399a38385f05f55058d1a3,2026-02-22T21:03:03.472235+00:00,"[{""tag"": ""atencion_general"", ""category"": ""atencion"", ""polarity"": ""bien""}]"
626b0279a109181795c57a16f46264919650951263aa400ae83bbe59564941f5,2026-02-22T21:03:05.274724+00:00,"[{""tag"": ""mesero"", ""category"": ""atencion"", ""polarity"": ""bien""}]"
fc86af7c8a23766acbb87bdcaf4ea5dc8efa3bc503bc5f0fa67829c90f44c7bf,2026-02-22T21:03:07.381607+00:00,"[{""tag"": ""comida"", ""category"": ""comida"", ""polarity"": ""bien""}]"
c42f43d8cae4f91cc0c3c302c07f27395903033cd6573c30b47b31e564c8bc57,2026-02-22T21:03:13.669730+00:00,"[{""tag"": ""calidad"", ""category"": ""precio_calidad"", ""polarity"": ""bien""}]"
c78a914c7d45ccbbbc3b7ded2939f42512d49323e88dc7a19cce3368196317ea,2026-02-22T21:03:15.107315+00:00,"[{""tag"": ""ambiente"", ""category"": ""ambiente"", ""polarity"": ""bien""}]"
08ae964436d228ef5e756d1362dea62631be6482208b72eefc0356dac9d2e255,2026-02-22T21:03:17.679925+00:00,"[{""tag"": ""experiencia"", ""category"": ""experiencia_general"", ""polarity"": ""bien""}]"
729755b5fc0b04e99f49137e34a2d96c27ee094b89d76fdebc53d87391cde6ae,2026-02-22T21:03:20.493212+00:00,"[{""tag"": ""wifi"", ""category"": ""ambiente"", ""polarity"": ""mal""}]"
2c3aa253ec0d7f95138dd433a74a7023a73de1d9ea0b607dde0fc6c2812e52b5,2026-02-22T21:03:25.356513+00:00,"[{""tag"": ""servicio_general"", ""category"": ""atencion"", ""polarity"": ""bien""}]"
baed77e03b9b67ee1899d76f1b25dd21e3c8de57a244e7b8d26966c02c7b4ca4,2026-02-22T21:03:26.972183+00:00,"[{""tag"": ""comida"", ""category"": ""comida"", ""polarity"": ""bien""}]"
fc948ca01b76d7cda2e58dfc49289022db9bed65556a8be53785999d2783f85d,2026-02-22T21:03:28.603528+00:00,"[{""tag"": ""precio"", ""category"": ""precio_calidad"", ""polarity"": ""neutral""}]"
ee10acaa9cf3e70facdffcb01c9d20d3bdfa998b8a3d8530ba1c8a8a993473eb,2026-02-22T21:03:29.816451+00:00,"[{""tag"": ""ambiente"", ""category"": ""ambiente"", ""polarity"": ""bien""}]"
9dc77e9271577f9ebe5d7b8effe7088c096c032bd86ddc723a414d7a5c91561e,2026-02-22T21:03:32.560131+00:00,"[{""tag"": ""internet"", ""category"": ""ambiente"", ""polarity"": ""mal""}]"
1403776ba16403d00fc6b3879730a546f65eff6a3ef97fe01fd49f411cffbe55,2026-02-22T21:03:34.524396+00:00,"[{""tag"": ""parqueo"", ""category"": ""experiencia_general"", ""polarity"": ""mal""}]"
718172d7c8c6ea3540eac9261c77c78229add500097bfa46e4d01e9572db8aee,2026-02-22T21:03:36.196580+00:00,"[{""tag"": ""mesero"", ""category"": ""atencion"", ""polarity"": ""bien""}]"
8e0bfc607737bafbcb50ca3f4745ddf276c376c61642227efaf99f97aee95d7b,2026-02-22T21:03:38.104816+00:00,"[{""tag"": ""comida"", ""category"": ""comida"", ""polarity"": ""bien""}]"
8b513af012f9925aa9b86abdd711186a2390c0de347a0a2eec26024dba905b6b,2026-02-22T21:03:39.813958+00:00,"[{""tag"": ""ambiente"", ""category"": ""ambiente"", ""polarity"": ""bien""}]"
b6b9047069c421950fde33404e5158faf0bd3118dbd3c7935a2d03fcacab5794,2026-02-22T21:03:43.149187+00:00,"[{""tag"": ""valet_parking"", ""category"": ""experiencia_general"", ""polarity"": ""mal""}]"
7c8335b08ced43000967d5ea8694b21b93382d0ff230e894d8b54b26f3996a91,2026-02-22T21:03:45.235822+00:00,"[{""tag"": ""comida"", ""category"": ""comida"", ""polarity"": ""mal""}]"
b5e528074f6ea7a4947dc36ff9a504e796daa1fd69adb45e4bf3dd70627c677f,2026-02-22T21:03:48.288038+00:00,"[{""tag"": ""disponibilidad_platos"", ""category"": ""comida"", ""polarity"": ""mal""}]"
c8dc665e20485e56738386e0cd12eff0c8bec4e9bce212cb1f94b5bb60cb9926,2026-02-22T21:03:49.997227+00:00,"[{""tag"": ""comida"", ""category"": ""comida"", ""polarity"": ""bien""}]"
0f080ac154ec0cd833dbce864901ba606517d28a36b0d7f49d1959538e1cab09,2026-02-22T21:03:51.774253+00:00,"[{""tag"": ""ambiente"", ""category"": ""ambiente"", ""polarity"": ""bien""}]"
79b3d7375900c19a57ef4cf4634d9f37c6a4958a57bdd66ab8a5d1b810918288,2026-02-22T21:03:55.358347+00:00,"[{""tag"": ""control_inventario"", ""category"": ""experiencia_general"", ""polarity"": ""mal""}]"
67d0cb308636705c6e470975c222e54db5789a78b645fc137fa3ab7046eb234e,2026-02-22T21:03:59.834856+00:00,"[{""tag"": ""mesero"", ""category"": ""atencion"", ""polarity"": ""bien""}]"
bea3502d453323c12279dbef1ddb4ac7b5eaf0278321500a8250613c8f74d013,2026-02-22T21:04:01.796573+00:00,"[{""tag"": ""mesero"", ""category"": ""atencion"", ""polarity"": ""bien""}]"
ca6804c64663252ca4352b6abdfe268d3f1ef67cd5fedfa9f2e65d87307d3594,2026-02-22T21:04:03.944068+00:00,"[{""tag"": ""comida"", ""category"": ""comida"", ""polarity"": ""bien""}]"
118840324dc03fb75aff10ad60f2fe9b82ffd6d18b1372e47d7b9488943bc294,2026-02-22T21:04:06.126719+00:00,"[{""tag"": ""ambiente_familiar"", ""category"": ""ambiente"", ""polarity"": ""bien""}]"
dfadd16ac5d06972765e737f19ca10b86ab1afd5b9a0932d20d046531986ac77,2026-02-22T21:04:08.120133+00:00,"[{""tag"": ""opciones_vegetarianas"", ""category"": ""comida"", ""polarity"": ""mal""}]"
fb6093a84de67ed45ad3109afff688d7fea1860656ecdcce8eb2fba21ad101ac,2026-02-22T21:04:12.588234+00:00,"[{""tag"": ""atencion_general"", ""category"": ""atencion"", ""polarity"": ""bien""}]"
aecc7e2576d9c08150f27a5882651b949725bbcccb9b11b652faba373f39294d,2026-02-22T21:04:13.771281+00:00,"[{""tag"": ""tiempo_espera"", ""category"": ""atencion"", ""polarity"": ""bien""}]"
60bedb0df2bb90f021728d1c60a55e17c60305b73a83c02fccd95961e24993df,2026-02-22T21:04:16.421853+00:00,"[{""tag"": ""ensalada"", ""category"": ""comida"", ""polarity"": ""bien""}]"
2e804137e89404433ebc06a6308b8016b760b5b398ecac1b47d8bda442766040,2026-02-22T21:04:17.975011+00:00,"[{""tag"": ""ambiente"", ""category"": ""ambiente"", ""polarity"": ""bien""}]"
95ef048e9f207e37ae0ee2219360d23251e08d33673eaf514c0ce14aeb882797,2026-02-22T21:04:19.279005+00:00,"[{""tag"": ""experiencia"", ""category"": ""experiencia_general"", ""polarity"": ""bien""}]"
3e7a9b74d806d7eac7506ed4ff91e585b880adb117fc24b4f6fa58c3b9b5a465,2026-02-22T21:04:21.217370+00:00,"[{""tag"": ""cobro"", ""category"": ""atencion"", ""polarity"": ""mal""}]"
3d088bd9f400ec17a41a3a67f04cb1552694780e1ec17e53b61f671bfd1c36ea,2026-02-22T21:04:23.705102+00:00,"[{""tag"": ""cobro"", ""category"": ""atencion"", ""polarity"": ""mal""}]"
2b5fc1e0064d7ecce7f1a87f23ecfd79a5b5666f1e62a9429a0194fd81ef939f,2026-02-22T21:04:26.320474+00:00,"[{""tag"": ""chupe"", ""category"": ""comida"", ""polarity"": ""bien""}]"
635f1306affdff530209152b698ef62ef8e0671430d257eda94112b061595435,2026-02-22T21:04:28.179947+00:00,"[{""tag"": ""precio"", ""category"": ""precio_calidad"", ""polarity"": ""neutral""}]"
1f5008fde810a38ef0c8601a6fea96beb8678e0ae3ef28945bf74fee3374ee05,2026-02-22T21:04:29.509882+00:00,"[{""tag"": ""ambiente"", ""category"": ""ambiente"", ""polarity"": ""bien""}]"
a426f6e6d75de773e49c7a080f09382a8f934a7835e3ae55077a16198ff1ca5e,2026-02-22T21:04:33.843184+00:00,"[{""tag"": ""metodos_pago"", ""category"": ""atencion"", ""polarity"": ""mal""}]"
38a10c6196a8a65ea2f22ae66c8c13c3ed429ad8eae9a16bdcb80012a7f42ae5,2026-02-22T21:04:35.985603+00:00,"[{""tag"": ""mesero"", ""category"": ""atencion"", ""polarity"": ""mal""}]"
f677694980f77ffb85e68f148206c694d8756972f50c33b7d270c3740383ac8f,2026-02-22T21:04:37.464285+00:00,"[{""tag"": ""mesero"", ""category"": ""atencion"", ""polarity"": ""mal""}]"
fa5a3747b445b5616c34ca167467b4d502c6fb6130aceae313d66661f290076b,2026-02-22T21:04:39.632755+00:00,"[{""tag"": ""comida"", ""category"": ""comida"", ""polarity"": ""bien""}]"
969233f440dbda14566db334032e282982d2abe429e09a2c7f17919b75796692,2026-02-22T21:04:44.567864+00:00,"[{""tag"": ""precio"", ""category"": ""precio_calidad"", ""polarity"": ""mal""}]"
24a11a96b6a6846d2e19e29550ef14c46ddae93472e50c39e14e566c8d1fcc48,2026-02-22T21:04:45.866975+00:00,"[{""tag"": ""ambiente"", ""category"": ""ambiente"", ""polarity"": ""mal""}]"
2b3a0ababb6090dd844648a8de221319e312b31b3031f2e51111d3313c5c0a92,2026-02-22T21:04:47.267961+00:00,"[{""tag"": ""mesero"", ""category"": ""atencion"", ""polarity"": ""mal""}]"
3874175b7c128276c37ba4494669bb26db4ff46e7dc8cf499289e365a1e3ff2a,2026-02-22T21:04:51.974302+00:00,"[{""tag"": ""mesero"", ""category"": ""atencion"", ""polarity"": ""mal""}]"
7020cf36ec8f074027eab288db1d9416fd0b9d1affddb235e97961cc6ddf89c4,2026-02-22T21:04:53.517775+00:00,"[{""tag"": ""mesero"", ""category"": ""atencion"", ""polarity"": ""bien""}]"
b732edfc0756e904085f82ae31a6a60d1709fc426283a9f19b985099eec7a1a6,2026-02-22T21:04:55.516162+00:00,"[{""tag"": ""comida"", ""category"": ""comida"", ""polarity"": ""bien""}]"
0d065a8995804dae69bd19d4fee6b476ae5ba9802a10fc701025f1bd5bef90fa,2026-02-22T21:04:57.684453+00:00,"[{""tag"": ""precio"", ""category"": ""precio_calidad"", ""polarity"": ""bien""}]"
b5891ed1b13446e93f3cbd8d6f99d3b90829c56a8f2a4d5ec8c7dd21794269b1,2026-02-22T21:04:59.816120+00:00,"[{""tag"": ""limpieza"", ""category"": ""ambiente"", ""polarity"": ""bien""}]"
893c8f6c0172f066b1ae77005e81292a4583e49bd2bdcdc5140926bd3c577e4b,2026-02-22T21:05:01.389528+00:00,"[{""tag"": ""tiempo_espera"", ""category"": ""atencion"", ""polarity"": ""mal""}]"
e822d607bd7ac7198bb5f5927d77a46ece4496f9a72bb8efacb7beb63ac248da,2026-02-22T21:05:08.021120+00:00,"[{""tag"": ""calidad_servicio"", ""category"": ""atencion"", ""polarity"": ""neutral""}]"
4ba5203c90c9e028aef9a663af5dd001d101f495c1afeae8a9212679147774f3,2026-02-22T21:05:09.588281+00:00,"[{""tag"": ""comida"", ""category"": ""comida"", ""polarity"": ""bien""}]"
662610eb35776eecd0ce22f5e735a50b47fb25e335eac130452900f2fd3271e6,2026-02-22T21:05:11.081578+00:00,"[{""tag"": ""precio"", ""category"": ""precio_calidad"", ""polarity"": ""mal""}]"
ea3fc64a03214af88c0bd1135dd72c0bda8e9784f0c4028bb13740f22c887619,2026-02-22T21:05:12.911154+00:00,"[{""tag"": ""ambiente"", ""category"": ""ambiente"", ""polarity"": ""mal""}]"
97d1a1751c896f23289b7b87e758b59946dcc951a8bb36c666d34a62f8b64e17,2026-02-22T21:05:15.193937+00:00,"[{""tag"": ""aire_acondicionado"", ""category"": ""ambiente"", ""polarity"": ""mal""}]"
183b266e8637eaa103b8e9a0a16e9e90f925f5e50748fdc68fdbebc36e629a39,2026-02-22T21:05:18.561612+00:00,"[{""tag"": ""atencion"", ""category"": ""atencion"", ""polarity"": ""bien""}]"
7a357db95444fe7ce6c0d1e6336089ec4db6ec12ee527f9ddda6aa86ffa72c59,2026-02-22T21:05:20.578859+00:00,"[{""tag"": ""mesero"", ""category"": ""atencion"", ""polarity"": ""bien""}]"
9cb9e6f715759c1b6314a970af4b389858d6f8df9e84d5088e9d140f21cf2626,2026-02-22T21:05:22.303704+00:00,"[{""tag"": ""comida"", ""category"": ""comida"", ""polarity"": ""bien""}]"
104399da98066fa39afef58ca0d512cf6ca9eaa6305d43c85549dd7b1cbc0fa5,2026-02-22T21:05:24.619237+00:00,"[{""tag"": ""precio"", ""category"": ""precio_calidad"", ""polarity"": ""bien""}]"
8fb65128f3b06d5009cd31c20b8b9ec42b1865eac610762cbbed964943478e8f,2026-02-22T21:05:26.083202+00:00,"[{""tag"": ""ambiente"", ""category"": ""ambiente"", ""polarity"": ""bien""}]"
d3e1b94b2bbb350db1e6d909d1a4ccbfe4b2542553af0fb6f51fa51c7f839fc6,2026-02-22T21:05:27.509298+00:00,"[{""tag"": ""experiencia"", ""category"": ""experiencia_general"", ""polarity"": ""bien""}]"
